<?xml version="1.0" encoding="UTF-8" ?>
<XMLDB PATH="mod/choicegroup/db" VERSION="20120425" COMMENT="XMLDB file for Moodle mod/choicegroup"
    xmlns:xsi="http://www.w3.org/2001/XMLSchema-instance"
    xsi:noNamespaceSchemaLocation="../../../lib/xmldb/xmldb.xsd"
>
  <TABLES>
    <TABLE NAME="choicegroup" COMMENT="Available choicegroups are stored here" NEXT="choicegroup_options">
      <FIELDS>
        <FIELD NAME="id" TYPE="int" LENGTH="10" NOTNULL="true" UNSIGNED="true" SEQUENCE="true" NEXT="course"/>
        <FIELD NAME="course" TYPE="int" LENGTH="10" NOTNULL="true" UNSIGNED="true" DEFAULT="0" SEQUENCE="false" PREVIOUS="id" NEXT="name"/>
        <FIELD NAME="name" TYPE="char" LENGTH="255" NOTNULL="true" SEQUENCE="false" PREVIOUS="course" NEXT="intro"/>
        <FIELD NAME="intro" TYPE="text" LENGTH="small" NOTNULL="true" SEQUENCE="false" PREVIOUS="name" NEXT="introformat"/>
        <FIELD NAME="introformat" TYPE="int" LENGTH="4" NOTNULL="true" UNSIGNED="true" DEFAULT="0" SEQUENCE="false" PREVIOUS="intro" NEXT="publish"/>
        <FIELD NAME="publish" TYPE="int" LENGTH="2" NOTNULL="true" UNSIGNED="true" DEFAULT="0" SEQUENCE="false" PREVIOUS="introformat" NEXT="multipleenrollmentspossible"/>
        <FIELD NAME="multipleenrollmentspossible" TYPE="int" LENGTH="2" NOTNULL="true" UNSIGNED="true" DEFAULT="0" SEQUENCE="false" PREVIOUS="publish" NEXT="showresults"/>
        <FIELD NAME="maxenrollments" TYPE="int" LENGTH="10" NOTNULL="false" DEFAULT="0" SEQUENCE="false"/>
        <FIELD NAME="showresults" TYPE="int" LENGTH="2" NOTNULL="true" UNSIGNED="true" DEFAULT="0" SEQUENCE="false" PREVIOUS="multipleenrollmentspossible" NEXT="display"/>
        <FIELD NAME="display" TYPE="int" LENGTH="4" NOTNULL="true" UNSIGNED="true" DEFAULT="0" SEQUENCE="false" PREVIOUS="showresults" NEXT="allowupdate"/>
        <FIELD NAME="allowupdate" TYPE="int" LENGTH="2" NOTNULL="true" UNSIGNED="true" DEFAULT="0" SEQUENCE="false" PREVIOUS="display" NEXT="showunanswered"/>
        <FIELD NAME="showunanswered" TYPE="int" LENGTH="2" NOTNULL="true" UNSIGNED="true" DEFAULT="0" SEQUENCE="false" PREVIOUS="allowupdate" NEXT="limitanswers"/>
        <FIELD NAME="limitanswers" TYPE="int" LENGTH="2" NOTNULL="true" UNSIGNED="true" DEFAULT="0" SEQUENCE="false" PREVIOUS="showunanswered" NEXT="timeopen"/>
        <FIELD NAME="timeopen" TYPE="int" LENGTH="10" NOTNULL="true" UNSIGNED="true" DEFAULT="0" SEQUENCE="false" PREVIOUS="limitanswers" NEXT="timeclose"/>
        <FIELD NAME="timeclose" TYPE="int" LENGTH="10" NOTNULL="true" UNSIGNED="true" DEFAULT="0" SEQUENCE="false" PREVIOUS="timeopen" NEXT="timemodified"/>
        <FIELD NAME="timemodified" TYPE="int" LENGTH="10" NOTNULL="true" UNSIGNED="true" DEFAULT="0" SEQUENCE="false" PREVIOUS="timeclose" NEXT="completionsubmit"/>
        <FIELD NAME="completionsubmit" TYPE="int" LENGTH="1" NOTNULL="true" UNSIGNED="false" DEFAULT="0" SEQUENCE="false" COMMENT="If this field is set to 1, then the activity will be automatically marked as 'complete' once the user submits their choicegroup." PREVIOUS="timemodified" NEXT="sortgroupsby"/>
        <FIELD NAME="sortgroupsby" TYPE="int" LENGTH="10" NOTNULL="true" UNSIGNED="false" DEFAULT="0" SEQUENCE="false" COMMENT="Column used to sort groups." PREVIOUS="completionsubmit" NEXT="onlyactive"/>
        <FIELD NAME="onlyactive" TYPE="int" LENGTH="1" NOTNULL="true" UNSIGNED="false" DEFAULT="0" SEQUENCE="false" COMMENT="If this field is set to 1, users with expired or suspended enrolments will be filtered out of response data." PREVIOUS="sortgroupsby" NEXT="ablaufwahl"/>
        <FIELD NAME="ablaufwahl" TYPE="int" LENGTH="2" NOTNULL="true" UNSIGNED="true" DEFAULT="0" SEQUENCE="false" COMMENT="Show if Ablaufwahl Modus is enabled." PREVIOUS="onlyactive"/>
      </FIELDS>
      <KEYS>
        <KEY NAME="primary" TYPE="primary" FIELDS="id"/>
      </KEYS>
      <INDEXES>
        <INDEX NAME="course" UNIQUE="false" FIELDS="course"/>
      </INDEXES>
    </TABLE>
    <TABLE NAME="choicegroup_options" COMMENT="available options to choicegroup" PREVIOUS="choicegroup" NEXT="choicegroup_redirects">
      <FIELDS>
        <FIELD NAME="id" TYPE="int" LENGTH="10" NOTNULL="true" UNSIGNED="true" SEQUENCE="true" NEXT="choicegroupid"/>
        <FIELD NAME="choicegroupid" TYPE="int" LENGTH="10" NOTNULL="true" UNSIGNED="true" DEFAULT="0" SEQUENCE="false" PREVIOUS="id" NEXT="groupid"/>
        <FIELD NAME="groupid" TYPE="int" LENGTH="10" NOTNULL="true" UNSIGNED="true" DEFAULT="0" SEQUENCE="false" PREVIOUS="choicegroupid" NEXT="maxanswers"/>
        <FIELD NAME="maxanswers" TYPE="int" LENGTH="10" NOTNULL="false" UNSIGNED="true" DEFAULT="0" SEQUENCE="false" PREVIOUS="groupid" NEXT="timemodified"/>
        <FIELD NAME="timemodified" TYPE="int" LENGTH="10" NOTNULL="true" UNSIGNED="true" DEFAULT="0" SEQUENCE="false" PREVIOUS="maxanswers"/>
      </FIELDS>
      <KEYS>
        <KEY NAME="primary" TYPE="primary" FIELDS="id" NEXT="choicegroupid"/>
        <KEY NAME="choicegroupid" TYPE="foreign" FIELDS="choicegroupid" REFTABLE="choicegroup" REFFIELDS="id" PREVIOUS="primary"/>
      </KEYS>
    </TABLE>
    <TABLE NAME="choicegroup_redirects" COMMENT="save the Redictlins for Ablauf Modus" PREVIOUS="choicegroup_options">
      <FIELDS>
        <FIELD NAME="id" TYPE="int" LENGTH="10" NOTNULL="true" UNSIGNED="true" SEQUENCE="true" NEXT="choicegroupid"/>
        <FIELD NAME="choicegroupid" TYPE="int" LENGTH="10" NOTNULL="true" UNSIGNED="true" DEFAULT="0" SEQUENCE="false" PREVIOUS="id" NEXT="groupid"/>
        <FIELD NAME="groupid" TYPE="int" LENGTH="10" NOTNULL="true" UNSIGNED="true" DEFAULT="0" SEQUENCE="false" PREVIOUS="choicegroupid" NEXT="redirectlink"/>
        <FIELD NAME="redirectlink" TYPE="text" LENGTH="small" NOTNULL="true" SEQUENCE="false" COMMENT="Customize Redirect Link." PREVIOUS="groupid"/>  
      </FIELDS>
      <KEYS>
        <KEY NAME="primary" TYPE="primary" FIELDS="id" NEXT="choicegroupid"/>
        <KEY NAME="choicegroupid" TYPE="foreign" FIELDS="choicegroupid" REFTABLE="choicegroup" REFFIELDS="id" PREVIOUS="primary"/>
      </KEYS>
    </TABLE>
  </TABLES>
</XMLDB>
